{"cameraMode":{"drawMode":2,"name":"Shaded Wireframe","section":"Shading Mode"},"sceneLighting":true,"audioPlay":false,"sceneViewState":{"showFog":true,"showMaterialUpdate":false,"showSkybox":true,"showFlares":true,"showImageEffects":true,"showParticleSystems":true},"in2DMode":false,"pivot":{"x":-8.321208000183106,"y":-0.8142756223678589,"z":35.76665115356445},"rotation":{"x":-0.01045092474669218,"y":0.09588518738746643,"z":-0.001010207924991846,"w":-0.9953442215919495},"size":38.386844635009769,"orthographic":false}